DATE,APU0000703211,APU0000703113,APU0000703425,APU0000703613,APU0000706211,APU0000FF1101,APU0000706212,APU0000706111
1980-01-01,1.779,.,.,.,1.312,.,1.060,0.699
1980-02-01,1.821,.,.,.,1.309,.,1.024,0.673
1980-03-01,1.847,.,.,.,1.309,.,0.985,0.655
1980-04-01,1.797,.,.,.,1.272,.,0.967,0.638
1980-05-01,1.762,.,.,.,1.262,.,0.985,0.628
1980-06-01,1.728,.,.,.,1.286,.,1.005,0.640
1980-07-01,1.805,.,.,.,1.355,.,1.067,0.710
1980-08-01,1.808,.,.,.,1.395,.,1.127,0.751
1980-09-01,1.859,.,.,.,1.477,.,1.164,0.791
1980-10-01,1.855,.,.,.,1.489,.,1.145,0.792
1980-11-01,1.892,.,.,.,1.486,.,1.130,0.766
1980-12-01,1.874,.,.,.,1.479,.,1.141,0.760
1981-01-01,1.861,.,.,.,1.461,.,1.150,0.749
1981-02-01,1.848,.,.,.,1.479,.,1.147,0.759
1981-03-01,1.831,.,.,.,1.486,.,1.128,0.755
1981-04-01,1.775,.,.,.,1.464,.,1.046,0.734
1981-05-01,1.788,.,.,.,1.447,.,1.105,0.706
1981-06-01,1.793,.,.,.,1.467,.,1.101,0.717
1981-07-01,1.825,.,.,.,1.561,.,1.156,0.767
1981-08-01,1.819,.,.,.,1.525,.,1.137,0.752
1981-09-01,1.844,.,.,.,1.494,.,1.124,0.728
1981-10-01,1.813,.,.,.,1.499,.,1.126,0.712
1981-11-01,1.830,.,.,.,1.484,.,1.109,0.702
1981-12-01,1.779,.,.,.,1.458,.,1.099,0.700
1982-01-01,1.768,.,.,.,1.503,.,1.112,0.712
1982-02-01,1.812,.,.,.,1.525,.,1.099,0.726
1982-03-01,1.766,.,.,.,1.496,.,1.062,0.715
1982-04-01,1.795,.,.,.,1.506,.,1.029,0.712
1982-05-01,1.782,.,.,.,1.485,.,1.074,0.720
1982-06-01,1.856,.,.,.,1.473,.,1.072,0.732
1982-07-01,1.835,.,.,.,1.480,.,1.102,0.740
1982-08-01,1.796,.,.,.,1.486,.,1.082,0.717
1982-09-01,1.804,.,.,.,1.492,.,1.062,0.713
1982-10-01,1.743,.,.,.,1.468,.,1.061,0.700
1982-11-01,1.759,.,.,.,1.461,.,1.034,0.694
1982-12-01,1.755,.,.,.,1.439,.,1.042,0.682
1983-01-01,1.751,.,.,.,1.461,.,1.021,0.689
1983-02-01,1.784,.,.,.,1.459,.,1.042,0.699
1983-03-01,1.789,.,.,.,1.474,.,1.052,0.698
1983-04-01,1.848,.,.,.,1.453,.,1.048,0.676
1983-05-01,1.852,.,.,.,1.461,.,1.069,0.687
1983-06-01,1.760,.,.,.,1.440,.,1.020,0.699
1983-07-01,1.740,.,.,.,1.496,.,1.067,0.724
1983-08-01,1.691,.,.,.,1.547,.,1.046,0.740
1983-09-01,1.706,.,.,.,1.617,.,1.050,0.769
1983-10-01,1.625,.,.,.,1.543,.,1.017,0.737
1983-11-01,1.623,.,.,.,1.597,.,1.006,0.766
1983-12-01,1.648,.,.,.,1.654,.,1.075,0.812
1984-01-01,1.752,.,.,.,1.715,.,1.178,0.839
1984-02-01,1.777,.,.,.,1.741,.,1.259,0.867
1984-03-01,1.754,.,.,.,1.738,.,1.236,0.848
1984-04-01,1.744,.,.,.,1.756,.,1.191,0.844
1984-05-01,1.701,.,.,.,1.704,.,1.155,0.811
1984-06-01,1.625,.,.,.,1.717,.,1.169,0.817
1984-07-01,1.590,.,.,.,1.707,.,1.173,0.829
1984-08-01,1.587,.,.,.,1.674,.,1.109,0.788
1984-09-01,1.620,.,.,.,1.687,.,1.137,0.790
1984-10-01,1.620,.,.,.,1.666,.,1.092,0.764
1984-11-01,1.688,.,.,.,1.675,.,1.065,0.771
1984-12-01,1.710,.,.,.,1.648,.,1.084,0.753
1985-01-01,1.676,.,.,.,1.656,.,1.131,0.773
1985-02-01,1.701,.,.,.,1.697,.,1.090,0.772
1985-03-01,1.650,.,.,.,1.673,.,1.079,0.769
1985-04-01,1.619,.,.,.,1.636,.,1.048,0.764
1985-05-01,1.578,.,.,.,1.625,.,1.065,0.745
1985-06-01,1.548,.,.,.,1.651,.,1.066,0.761
1985-07-01,1.498,.,.,.,1.652,.,1.094,0.753
1985-08-01,1.476,.,.,.,1.619,.,1.061,0.757
1985-09-01,1.414,.,.,.,1.660,.,1.060,0.762
1985-10-01,1.503,.,.,.,1.639,.,1.031,0.749
1985-11-01,1.562,.,.,.,1.687,.,1.051,0.778
1985-12-01,1.630,.,.,.,1.740,.,1.142,0.776
1986-01-01,1.685,.,.,.,1.732,.,1.115,0.766
1986-02-01,1.637,.,.,.,1.678,.,1.089,0.771
1986-03-01,1.651,.,.,.,1.689,.,1.037,0.767
1986-04-01,1.532,.,.,.,1.693,.,1.067,0.752
1986-05-01,1.538,.,.,.,1.682,.,1.061,0.769
1986-06-01,1.527,.,.,.,1.771,.,1.108,0.795
1986-07-01,1.503,.,.,.,1.924,.,1.194,0.889
1986-08-01,1.542,.,.,.,2.053,.,1.320,0.958
1986-09-01,1.497,.,.,.,2.015,.,1.271,0.910
1986-10-01,1.575,.,.,.,1.972,.,1.221,0.900
1986-11-01,1.657,.,.,.,1.974,.,1.268,0.878
1986-12-01,1.681,.,.,.,1.994,.,1.251,0.865
1987-01-01,1.682,.,.,.,1.916,.,.,0.821
1987-02-01,1.640,.,.,.,1.882,.,1.138,0.832
1987-03-01,1.629,.,.,.,1.852,.,1.124,0.804
1987-04-01,1.705,.,.,.,1.816,.,1.119,0.792
1987-05-01,1.648,.,.,.,1.824,.,1.078,0.782
1987-06-01,1.708,.,.,.,1.807,.,1.062,0.771
1987-07-01,1.702,.,.,.,1.769,.,1.053,0.755
1987-08-01,1.655,.,.,.,1.784,.,1.098,0.785
1987-09-01,1.672,.,.,.,1.763,.,1.085,0.793
1987-10-01,1.725,.,.,.,1.791,.,1.070,0.791
1987-11-01,1.711,.,.,.,1.727,.,1.054,0.756
1987-12-01,1.661,.,.,.,1.722,.,1.050,0.736
1988-01-01,1.643,.,.,.,1.748,.,1.029,0.740
1988-02-01,1.736,.,.,.,1.721,.,0.995,0.745
1988-03-01,1.693,.,.,.,1.771,.,1.020,0.753
1988-04-01,1.721,.,.,.,1.779,.,1.026,0.760
1988-05-01,1.801,.,.,.,1.867,.,1.052,0.796
1988-06-01,1.776,.,.,.,1.945,.,1.142,0.868
1988-07-01,1.696,.,.,.,2.070,.,1.271,0.937
1988-08-01,1.674,.,.,.,2.062,.,1.297,0.961
1988-09-01,1.744,.,.,.,2.103,.,1.256,0.975
1988-10-01,1.744,.,.,.,2.042,.,1.237,0.932
1988-11-01,1.745,.,.,.,2.013,.,1.199,0.892
1988-12-01,1.797,.,.,.,2.061,.,1.168,0.885
1989-01-01,1.810,.,.,3.854,2.057,.,1.176,0.905
1989-02-01,1.910,.,.,3.948,1.999,.,1.175,0.899
1989-03-01,1.869,.,.,3.934,2.021,.,1.170,0.913
1989-04-01,1.891,.,.,3.888,2.084,.,1.196,0.932
1989-05-01,1.899,.,.,4.015,2.148,.,1.257,0.961
1989-06-01,1.865,.,.,4.043,2.264,.,1.301,0.982
1989-07-01,1.862,.,.,4.146,2.230,.,1.268,0.964
1989-08-01,1.785,.,.,3.991,2.164,.,1.254,0.954
1989-09-01,1.878,.,.,3.950,2.103,.,1.182,0.942
1989-10-01,1.887,.,.,3.761,2.033,.,1.208,0.910
1989-11-01,1.920,.,.,3.806,2.013,.,1.143,0.879
1989-12-01,2.005,.,.,3.794,2.009,.,1.141,0.883
1990-01-01,2.029,.,.,3.818,2.018,.,1.125,0.882
1990-02-01,2.122,.,.,3.851,2.031,.,1.168,0.896
1990-03-01,2.052,.,.,3.926,2.104,.,1.223,0.928
1990-04-01,2.103,.,.,4.072,2.065,.,1.159,0.897
1990-05-01,2.116,.,.,4.193,2.099,.,1.182,0.902
1990-06-01,2.069,.,.,4.189,2.094,.,1.230,0.928
1990-07-01,2.066,.,.,4.226,2.138,.,1.233,0.917
1990-08-01,2.040,.,.,4.218,2.063,.,1.232,0.912
1990-09-01,2.071,.,.,4.300,2.112,.,1.225,0.907
1990-10-01,2.091,.,.,4.251,2.060,.,1.201,0.883
1990-11-01,2.146,.,.,4.242,2.070,.,1.155,0.880
1990-12-01,2.148,.,.,4.244,2.001,.,1.165,0.858
1991-01-01,2.160,2.184,6.639,4.293,2.039,.,1.195,0.886
1991-02-01,2.157,2.176,6.337,4.234,2.042,.,1.182,0.903
1991-03-01,2.092,2.151,6.357,4.342,2.035,.,1.159,0.899
1991-04-01,2.139,2.184,6.303,4.371,2.032,.,1.152,0.885
1991-05-01,2.100,2.188,6.358,4.452,2.108,.,1.154,0.883
1991-06-01,2.100,2.143,6.027,4.410,2.095,.,1.157,0.878
1991-07-01,2.055,2.146,6.165,4.407,2.089,.,1.164,0.888
1991-08-01,2.051,2.167,6.173,4.380,2.145,.,1.163,0.869
1991-09-01,2.017,2.131,6.182,4.229,2.087,.,1.136,0.874
1991-10-01,2.017,2.137,5.909,4.190,2.026,.,1.120,0.878
1991-11-01,2.056,2.181,5.919,4.152,2.026,.,1.131,0.857
1991-12-01,2.184,2.142,6.125,4.018,2.022,.,1.141,0.864
1992-01-01,2.109,2.184,5.853,4.030,2.071,.,1.147,0.878
1992-02-01,2.112,2.186,5.994,4.129,2.008,.,1.092,0.849
1992-03-01,2.093,2.186,5.924,4.189,1.952,.,1.066,0.859
1992-04-01,2.116,2.174,5.994,4.249,1.957,.,1.113,0.861
1992-05-01,2.146,2.158,6.144,4.173,1.959,.,1.104,0.854
1992-06-01,2.017,2.155,6.174,4.326,2.039,.,1.131,0.861
1992-07-01,2.061,2.092,6.144,4.312,2.068,.,1.147,0.878
1992-08-01,2.057,2.127,6.019,4.278,2.078,.,1.144,0.882
1992-09-01,2.080,2.129,6.154,4.349,2.059,.,1.116,0.881
1992-10-01,2.128,2.157,6.223,4.175,2.099,.,1.112,0.865
1992-11-01,2.046,2.155,6.238,4.247,2.062,.,1.125,0.885
1992-12-01,2.092,2.155,6.191,4.229,2.080,.,1.139,0.879
1993-01-01,2.128,2.209,6.225,4.171,2.071,.,1.095,0.875
1993-02-01,2.089,2.194,6.186,4.427,2.048,.,1.084,0.871
1993-03-01,2.165,2.209,6.122,4.424,2.090,.,1.099,0.879
1993-04-01,2.143,2.223,6.246,4.511,2.061,.,1.127,0.874
1993-05-01,2.086,2.228,6.431,4.602,2.049,.,1.147,0.888
1993-06-01,2.160,2.189,6.646,4.608,2.058,.,1.100,0.891
1993-07-01,2.098,2.220,6.522,4.510,2.062,.,1.106,0.890
1993-08-01,2.007,2.228,6.517,4.415,2.046,.,1.069,0.896
1993-09-01,2.033,2.220,6.576,4.389,2.054,.,1.094,0.897
1993-10-01,2.089,2.235,6.522,4.304,2.107,.,1.116,0.893
1993-11-01,2.107,2.245,6.372,4.263,2.121,.,1.077,0.918
1993-12-01,2.124,2.249,6.544,4.261,2.167,.,1.130,0.910
1994-01-01,2.075,2.219,6.500,4.238,2.110,.,1.117,0.899
1994-02-01,2.079,2.234,6.291,4.197,2.128,.,1.114,0.888
1994-03-01,2.094,2.208,6.455,4.163,2.150,.,1.087,0.891
1994-04-01,2.149,2.213,6.359,4.319,2.098,.,1.118,0.899
1994-05-01,2.161,2.222,6.443,4.400,2.095,.,1.134,0.902
1994-06-01,2.117,2.181,6.265,4.290,2.120,.,1.155,0.918
1994-07-01,2.106,2.160,6.342,4.307,2.088,.,1.159,0.920
1994-08-01,2.165,2.123,6.326,4.228,2.060,.,1.121,0.905
1994-09-01,2.192,2.145,6.282,4.265,2.059,.,1.163,0.901
1994-10-01,2.167,2.168,6.429,4.172,1.981,.,1.144,0.889
1994-11-01,2.157,2.146,6.398,4.265,1.937,.,1.134,0.904
1994-12-01,2.096,2.137,6.395,4.209,1.905,.,1.123,0.895
1995-01-01,2.102,2.170,6.562,4.190,1.925,.,1.112,0.897
1995-02-01,2.100,2.168,6.308,4.190,1.943,.,1.146,0.893
1995-03-01,2.099,2.174,6.449,4.250,2.028,.,1.153,0.917
1995-04-01,2.096,2.159,6.439,4.214,1.994,.,1.152,0.911
1995-05-01,2.065,2.153,6.314,4.306,2.005,.,1.141,0.891
1995-06-01,1.965,2.072,6.404,4.370,1.979,.,1.134,0.908
1995-07-01,2.066,2.016,6.456,4.401,1.946,.,1.130,0.919
1995-08-01,2.040,2.035,6.414,4.296,1.947,.,1.150,0.908
1995-09-01,1.988,2.056,6.351,4.158,2.017,.,1.195,0.939
1995-10-01,2.078,2.076,6.262,4.169,2.001,.,1.176,0.930
1995-11-01,2.097,2.053,6.278,4.155,2.067,.,1.209,0.948
1995-12-01,2.105,2.038,6.696,4.011,1.953,.,1.201,0.939
1996-01-01,2.103,2.045,6.606,4.179,1.967,.,1.218,0.941
1996-02-01,2.113,2.030,6.225,4.162,2.028,.,1.232,0.940
1996-03-01,2.095,2.042,5.641,4.235,1.914,.,1.217,0.933
1996-04-01,2.120,2.045,5.762,4.232,1.976,.,1.212,0.947
1996-05-01,2.002,1.973,5.616,4.193,2.018,.,1.234,0.949
1996-06-01,2.026,2.013,5.696,4.302,2.089,.,1.205,0.968
1996-07-01,2.027,2.032,5.637,4.201,2.024,.,1.239,0.972
1996-08-01,2.024,2.055,5.675,4.274,2.053,.,1.252,0.990
1996-09-01,.,2.046,5.665,4.200,2.135,.,1.299,1.006
1996-10-01,.,2.070,5.572,4.087,2.014,.,1.285,1.021
1996-11-01,.,2.063,5.773,4.219,2.049,.,1.235,1.003
1996-12-01,.,2.051,5.898,4.225,2.093,.,1.256,1.002
1997-01-01,.,2.060,5.828,4.172,2.028,.,1.265,1.016
1997-02-01,.,2.073,5.534,4.030,2.076,.,1.239,1.008
1997-03-01,.,2.026,5.746,4.128,1.994,.,1.231,1.009
1997-04-01,.,2.039,5.712,4.216,2.004,.,1.215,1.002
1997-05-01,.,2.071,5.766,4.225,2.075,.,1.221,1.007
1997-06-01,.,2.059,5.779,4.203,2.052,.,1.243,0.993
1997-07-01,.,2.071,5.615,4.237,2.073,.,1.255,1.005
1997-08-01,.,2.071,5.748,4.374,2.027,.,1.216,0.988
1997-09-01,.,2.061,5.985,4.304,2.094,.,1.227,0.992
1997-10-01,.,2.059,5.849,4.206,1.982,.,1.236,0.984
1997-11-01,.,2.047,5.793,4.225,2.035,.,1.246,1.018
1997-12-01,.,2.058,5.943,4.166,1.987,.,1.217,1.001
1998-01-01,.,2.058,5.963,4.151,2.033,.,1.280,1.022
1998-02-01,.,2.040,5.768,4.099,1.976,.,1.271,1.007
1998-03-01,.,2.050,5.725,4.102,1.988,.,1.249,1.032
1998-04-01,.,2.046,5.951,4.206,2.017,.,1.256,1.029
1998-05-01,.,2.042,5.866,4.175,2.007,.,1.260,1.032
1998-06-01,.,2.051,5.988,4.397,2.081,.,1.279,1.016
1998-07-01,.,2.045,6.179,4.249,2.048,.,1.252,1.033
1998-08-01,.,2.082,6.185,4.222,2.087,.,1.291,1.059
1998-09-01,.,2.083,6.136,4.089,2.085,.,1.255,1.074
1998-10-01,.,2.093,6.241,4.157,2.132,.,1.300,1.076
1998-11-01,.,2.074,6.338,4.182,2.102,.,1.301,1.084
1998-12-01,.,2.081,6.375,4.242,2.114,.,1.261,1.060
1999-01-01,.,2.093,6.222,4.280,2.072,.,1.274,1.072
1999-02-01,.,2.118,5.989,4.220,2.036,.,1.280,1.064
1999-03-01,.,2.103,6.098,4.113,2.084,.,1.281,1.057
1999-04-01,.,2.113,6.116,4.167,2.111,.,1.253,1.057
1999-05-01,.,2.108,6.202,4.391,2.039,.,1.237,1.026
1999-06-01,.,2.123,6.230,4.416,2.077,.,1.283,1.041
1999-07-01,.,2.083,6.524,4.413,2.062,.,1.316,1.045
1999-08-01,.,2.102,6.374,4.399,2.063,.,1.284,1.043
1999-09-01,.,2.147,6.449,4.387,2.103,.,1.269,1.080
1999-10-01,.,2.161,6.719,4.480,2.088,.,1.274,1.055
1999-11-01,.,2.145,6.855,4.567,2.111,.,1.268,1.078
1999-12-01,.,2.153,6.954,4.595,2.075,.,1.168,1.053
2000-01-01,.,2.191,6.754,4.473,2.063,.,1.273,1.059
2000-02-01,.,2.185,6.585,4.486,1.995,.,1.255,1.046
2000-03-01,.,2.217,6.371,4.547,2.109,.,1.255,1.064
2000-04-01,.,2.241,6.790,4.646,2.127,.,1.260,1.069
2000-05-01,.,2.263,6.848,4.749,2.143,.,1.262,1.052
2000-06-01,.,2.266,7.064,4.779,2.064,.,1.286,1.069
2000-07-01,.,2.276,6.690,4.910,2.067,.,1.293,1.089
2000-08-01,.,2.306,6.929,4.947,2.126,.,1.298,1.086
2000-09-01,.,2.306,7.706,4.902,2.089,.,1.297,1.087
2000-10-01,.,2.285,7.603,4.780,2.086,.,1.287,1.090
2000-11-01,.,2.295,7.671,4.704,2.069,.,1.209,1.065
2000-12-01,.,2.327,7.610,4.811,2.144,.,1.264,1.078
2001-01-01,.,2.367,7.628,4.747,2.133,.,1.271,1.091
2001-02-01,.,2.407,7.715,4.985,2.058,.,1.282,1.090
2001-03-01,.,2.425,7.490,5.131,2.066,.,1.293,1.103
2001-04-01,.,2.468,7.652,5.323,2.081,.,1.294,1.101
2001-05-01,.,2.464,7.783,5.394,2.058,.,1.282,1.095
2001-06-01,.,2.493,8.320,5.577,2.024,.,1.301,1.106
2001-07-01,.,2.445,8.051,5.636,2.058,.,1.351,1.102
2001-08-01,.,2.536,7.893,5.456,2.127,.,1.356,1.110
2001-09-01,.,2.494,7.910,5.368,2.088,.,1.306,1.107
2001-10-01,.,2.541,8.066,5.206,2.151,.,1.341,1.115
2001-11-01,.,2.499,.,5.249,2.056,.,1.355,1.133
2001-12-01,.,2.508,.,5.192,2.107,.,1.339,1.109
2002-01-01,.,2.461,.,5.169,2.066,.,1.361,1.091
2002-02-01,.,2.554,.,5.121,2.175,.,1.329,1.111
2002-03-01,.,2.541,.,5.272,2.120,.,1.319,1.110
2002-04-01,.,2.511,.,5.244,2.187,.,1.307,1.110
2002-05-01,.,2.613,.,5.288,2.184,.,1.282,1.094
2002-06-01,.,2.575,.,5.434,2.134,.,1.311,1.066
2002-07-01,.,2.583,.,5.335,2.220,.,1.270,1.077
2002-08-01,.,2.613,.,5.402,2.290,.,1.295,1.035
2002-09-01,.,2.604,.,5.259,2.243,.,1.339,1.074
2002-10-01,.,2.629,.,5.377,2.259,.,1.313,1.027
2002-11-01,.,2.624,.,5.225,2.359,.,1.285,1.044
2002-12-01,.,2.622,.,5.452,2.327,.,1.275,1.048
2003-01-01,.,2.600,.,5.424,2.260,.,1.238,1.004
2003-02-01,.,2.690,.,5.418,2.236,.,1.223,1.031
2003-03-01,.,2.696,.,5.454,2.247,.,1.249,1.049
2003-04-01,.,2.740,.,5.627,2.293,.,1.259,1.053
2003-05-01,.,2.657,.,5.473,2.268,.,1.248,1.031
2003-06-01,.,2.645,.,5.862,.,.,1.226,1.033
2003-07-01,.,2.672,.,6.016,.,.,1.262,1.027
2003-08-01,.,2.674,.,5.956,.,.,1.242,1.023
2003-09-01,.,2.729,.,5.946,.,.,1.254,1.022
2003-10-01,.,2.768,.,6.140,.,.,1.325,1.022
2003-11-01,.,2.904,.,7.083,.,.,1.275,1.068
2003-12-01,.,2.932,.,6.925,.,.,1.274,1.050
2004-01-01,.,2.906,.,6.343,.,.,1.283,1.062
2004-02-01,.,2.892,.,6.337,.,.,1.305,1.060
2004-03-01,.,2.860,.,6.414,.,.,1.299,1.100
2004-04-01,.,2.901,.,6.614,.,.,1.268,1.120
2004-05-01,.,2.880,.,6.960,.,.,1.378,1.039
2004-06-01,.,2.946,.,7.376,.,.,1.316,1.060
2004-07-01,.,2.911,.,7.352,.,.,1.333,1.077
2004-08-01,.,2.938,.,6.873,.,.,1.351,1.092
2004-09-01,.,2.995,.,6.858,.,.,1.368,1.078
2004-10-01,.,2.970,.,6.139,.,.,1.398,1.078
2004-11-01,.,2.972,.,6.114,.,.,1.302,1.039
2004-12-01,.,2.987,.,6.085,.,.,1.368,1.030
2005-01-01,.,2.991,.,6.064,.,.,1.293,1.026
2005-02-01,.,3.033,.,5.993,.,.,1.347,1.038
2005-03-01,.,3.057,.,6.360,.,.,1.291,1.061
2005-04-01,.,3.055,.,6.513,.,.,1.322,1.070
2005-05-01,.,2.974,.,6.739,.,.,1.299,1.052
2005-06-01,.,2.964,.,6.351,.,.,1.357,1.075
2005-07-01,.,2.937,.,5.889,.,.,1.311,1.067
2005-08-01,.,2.911,.,5.807,.,.,1.315,1.042
2005-09-01,.,2.938,.,5.953,.,.,1.350,1.056
2005-10-01,.,2.949,.,5.937,.,.,1.336,1.062
2005-11-01,.,2.949,.,5.739,.,.,1.373,1.059
2005-12-01,.,2.908,.,5.934,.,.,1.326,1.061
2006-01-01,.,2.963,.,5.969,.,3.307,1.295,1.062
2006-02-01,.,2.929,.,5.934,2.068,3.341,1.270,1.045
2006-03-01,.,2.936,.,6.113,.,3.295,1.290,1.047
2006-04-01,.,2.950,.,5.991,.,3.308,1.253,1.054
2006-05-01,.,2.908,.,6.048,2.053,3.236,1.231,1.034
2006-06-01,.,2.906,.,6.168,2.057,3.277,1.183,1.055
2006-07-01,.,2.887,.,6.065,2.134,3.209,1.205,1.040
2006-08-01,.,2.900,.,6.182,2.188,3.357,1.228,1.048
2006-09-01,.,2.962,.,5.901,2.094,3.397,1.242,1.063
2006-10-01,.,2.912,.,5.796,2.148,3.280,1.222,1.038
2006-11-01,.,2.973,.,5.766,2.218,3.288,1.210,1.049
2006-12-01,.,2.952,.,5.791,2.174,3.284,1.233,1.057
2007-01-01,.,2.934,.,5.786,2.135,3.274,1.222,1.033
2007-02-01,.,3.001,.,5.830,2.268,3.259,1.266,1.039
2007-03-01,.,3.049,.,6.017,2.242,3.337,1.294,1.064
2007-04-01,.,3.069,.,5.982,2.322,3.371,1.280,1.115
2007-05-01,.,3.125,.,6.402,2.312,3.486,1.298,1.118
2007-06-01,.,3.061,.,6.162,2.251,3.513,1.332,1.134
2007-07-01,.,3.103,.,5.745,2.379,3.509,1.334,1.130
2007-08-01,.,3.094,.,6.050,2.339,3.589,1.304,1.145
2007-09-01,.,3.142,.,6.131,2.253,3.528,1.356,1.142
2007-10-01,.,3.092,.,5.740,2.285,3.421,1.304,1.135
2007-11-01,.,3.109,.,5.906,2.287,3.459,1.372,1.161
2007-12-01,.,3.068,.,5.907,2.310,3.376,1.360,1.166
2008-01-01,.,3.129,.,5.818,2.321,3.392,1.355,1.163
2008-02-01,.,3.161,.,5.905,2.364,3.480,1.391,1.159
2008-03-01,.,3.157,.,5.947,2.377,3.372,1.387,1.168
2008-04-01,.,3.154,.,5.699,2.414,3.502,1.358,1.176
2008-05-01,.,3.176,.,5.999,2.392,3.452,1.388,1.194
2008-06-01,.,3.198,.,5.928,2.424,3.403,1.411,1.181
2008-07-01,.,3.228,.,5.950,2.392,3.420,1.417,1.191
2008-08-01,.,3.314,.,6.399,2.321,3.445,1.435,1.223
2008-09-01,.,3.340,.,6.213,2.304,3.359,1.481,1.214
2008-10-01,.,3.418,.,6.119,2.282,3.343,1.467,1.205
2008-11-01,.,3.434,.,5.858,2.374,3.344,1.478,1.304
2008-12-01,.,3.435,.,6.065,2.317,3.284,1.497,1.305
2009-01-01,.,3.426,.,5.739,2.457,3.299,1.506,1.292
2009-02-01,.,3.440,.,5.675,2.357,3.326,1.512,1.290
2009-03-01,.,3.355,.,5.769,2.151,3.405,1.492,1.301
2009-04-01,.,3.332,.,5.846,2.376,3.388,1.527,1.296
2009-05-01,.,3.427,.,6.194,2.445,3.342,1.553,1.304
2009-06-01,.,3.469,.,6.181,2.354,3.398,1.565,1.282
2009-07-01,.,3.304,.,5.853,2.274,3.320,1.476,1.261
2009-08-01,.,3.452,.,5.905,2.319,3.267,1.476,1.287
2009-09-01,.,3.397,.,5.860,2.366,3.285,1.430,1.258
2009-10-01,.,3.378,.,5.560,2.250,3.330,1.470,1.244
2009-11-01,.,3.415,.,5.748,2.266,3.318,1.472,1.256
2009-12-01,.,3.391,.,5.676,2.294,3.310,1.455,1.267
2010-01-01,.,3.397,.,5.312,2.277,3.251,1.436,1.265
2010-02-01,.,3.449,.,5.415,2.230,3.313,1.471,1.265
2010-03-01,.,3.448,.,5.627,2.252,3.261,1.357,1.231
2010-04-01,.,3.482,.,6.056,2.149,3.245,1.385,1.230
2010-05-01,.,3.520,.,6.136,2.346,3.241,1.433,1.259
2010-06-01,.,3.514,.,5.997,2.309,3.323,1.491,1.239
2010-07-01,.,3.512,.,5.662,2.322,3.309,1.508,1.280
2010-08-01,.,3.575,.,5.672,2.281,3.337,1.468,1.254
2010-09-01,.,3.496,.,5.821,2.308,3.311,1.521,1.276
2010-10-01,.,3.628,.,6.004,2.391,3.389,1.480,1.302
2010-11-01,.,3.505,.,6.145,2.417,3.339,1.502,1.277
2010-12-01,.,3.494,.,6.071,2.355,3.324,1.483,1.280
2011-01-01,.,3.588,.,6.268,2.375,3.209,1.422,1.241
2011-02-01,.,3.556,.,6.248,2.285,3.175,1.521,1.266
2011-03-01,.,3.760,.,6.463,2.327,3.218,1.507,1.269
2011-04-01,.,3.666,.,6.325,2.255,3.291,1.481,1.261
2011-05-01,.,3.849,.,6.191,2.123,3.111,1.483,1.302
2011-06-01,.,3.878,.,5.891,2.307,3.127,1.452,1.305
2011-07-01,.,3.890,.,6.041,2.206,3.253,1.499,1.306
2011-08-01,.,3.812,.,6.300,2.300,3.275,1.525,1.296
2011-09-01,.,3.816,.,6.282,2.200,3.217,1.561,1.294
2011-10-01,.,3.815,.,6.320,2.385,3.102,1.496,1.312
2011-11-01,.,3.763,.,6.210,.,3.147,1.470,1.304
2011-12-01,.,3.842,.,6.162,.,3.102,1.457,1.340
2012-01-01,.,3.884,.,6.401,.,3.145,1.585,1.334
2012-02-01,.,3.922,.,6.405,.,3.113,1.515,1.356
2012-03-01,.,3.969,.,6.531,.,3.183,1.643,1.372
2012-04-01,.,3.966,.,6.519,.,3.173,1.594,1.401
2012-05-01,.,4.037,.,6.420,.,3.123,1.588,1.347
2012-06-01,.,4.052,.,6.817,.,3.195,1.612,1.390
2012-07-01,.,4.118,.,6.904,.,3.360,1.610,1.454
2012-08-01,.,4.197,.,6.718,.,3.368,1.584,1.433
2012-09-01,.,4.122,.,6.771,.,3.117,1.492,1.455
2012-10-01,.,4.115,.,6.749,.,3.428,1.464,1.530
2012-11-01,.,4.175,.,6.799,.,3.412,1.600,1.512
2012-12-01,.,4.213,.,6.781,.,3.267,1.651,1.482
2013-01-01,.,4.709,.,6.975,.,3.381,1.583,1.497
2013-02-01,.,4.705,.,7.078,.,3.278,1.625,1.456
2013-03-01,.,4.873,.,6.928,.,3.226,1.525,1.471
2013-04-01,.,4.811,.,6.864,.,3.266,1.538,1.473
2013-05-01,.,4.861,.,6.791,.,3.429,1.609,1.466
2013-06-01,.,4.805,.,6.827,.,3.525,1.649,1.509
2013-07-01,.,4.801,.,6.680,.,3.550,1.650,1.484
2013-08-01,.,4.889,.,6.604,.,3.599,1.650,1.489
2013-09-01,.,4.780,.,6.808,.,3.608,1.658,1.528
2013-10-01,.,5.018,.,6.820,.,3.652,1.683,1.543
2013-11-01,.,5.022,.,6.803,.,3.450,1.578,1.518
2013-12-01,.,5.057,.,6.776,.,3.460,1.591,1.520
2014-01-01,.,5.021,.,6.773,.,3.427,1.536,1.529
2014-02-01,.,5.189,.,6.966,.,3.384,1.579,1.504
2014-03-01,.,5.273,.,7.046,.,3.468,1.554,1.544
2014-04-01,.,5.423,.,7.356,.,3.392,1.538,1.530
2014-05-01,.,5.356,.,7.588,.,3.474,1.559,1.556
2014-06-01,.,5.484,.,7.689,.,3.504,1.548,1.503
2014-07-01,.,5.408,.,7.870,.,3.444,1.553,1.495
2014-08-01,.,5.623,.,8.250,.,3.476,1.564,1.572
2014-09-01,.,5.828,.,8.233,.,3.481,1.575,1.543
2014-10-01,.,5.972,.,8.103,.,3.486,1.620,1.549
2014-11-01,.,6.043,.,8.277,.,3.527,1.629,1.533
2014-12-01,.,6.078,.,8.147,.,3.482,1.609,1.541
2015-01-01,.,6.032,.,8.080,.,3.438,1.584,1.546
2015-02-01,.,6.184,.,8.194,.,3.511,1.581,1.550
2015-03-01,.,6.099,.,8.372,.,3.522,1.588,1.545
2015-04-01,.,6.105,.,8.329,.,3.504,1.609,1.539
2015-05-01,.,6.195,.,8.816,.,3.408,1.552,1.483
2015-06-01,.,6.111,.,8.842,.,3.388,1.622,1.515
2015-07-01,.,6.184,.,8.837,.,3.378,1.591,1.487
2015-08-01,.,6.116,.,8.697,.,3.406,1.612,1.428
2015-09-01,.,6.139,.,8.864,.,3.377,1.595,1.415
2015-10-01,.,6.097,.,8.802,.,3.356,1.610,1.430
2015-11-01,.,6.047,.,8.724,.,3.350,1.605,1.484
2015-12-01,.,5.885,.,8.287,.,3.282,1.573,1.437
2016-01-01,.,5.700,.,8.144,.,3.251,1.579,1.429
2016-02-01,.,5.611,.,8.275,.,3.302,1.485,1.478
2016-03-01,.,5.678,.,8.514,.,3.271,1.509,1.463
2016-04-01,.,5.638,.,8.502,.,3.251,1.565,1.496
2016-05-01,.,5.742,.,8.678,.,3.250,1.528,1.489
2016-06-01,.,5.786,.,8.690,.,3.228,1.562,1.408
2016-07-01,.,5.865,.,8.521,.,3.210,1.547,1.445
2016-08-01,.,5.844,.,8.544,.,3.218,1.570,1.426
2016-09-01,.,5.764,.,8.585,.,3.244,1.548,1.487
2016-10-01,.,5.693,.,8.323,.,3.305,1.509,1.502
2016-11-01,.,5.672,.,7.943,.,3.263,1.510,1.478
2016-12-01,.,5.542,.,7.910,.,3.200,1.432,1.463
2017-01-01,.,5.543,.,7.790,.,3.218,1.462,1.418
2017-02-01,.,5.563,.,7.848,.,3.195,1.484,1.473
2017-03-01,.,5.612,.,7.856,.,3.291,1.480,1.462
2017-04-01,.,5.707,.,8.081,.,3.289,1.492,1.444
2017-05-01,.,5.613,.,8.082,.,3.208,1.454,1.499
2017-06-01,.,5.759,.,8.349,.,3.215,1.436,1.497
2017-07-01,.,5.741,.,8.359,.,3.189,1.418,1.496
2017-08-01,.,5.888,.,8.251,.,3.194,1.453,1.489
2017-09-01,.,5.772,.,8.084,.,3.185,1.439,1.480
2017-10-01,.,5.369,.,8.039,.,3.141,1.436,1.484
2017-11-01,.,5.430,.,7.906,.,3.130,1.437,1.451
2017-12-01,.,5.516,.,7.927,.,3.192,1.461,1.470
2018-01-01,.,5.247,.,8.205,.,3.073,1.327,1.509
2018-02-01,.,5.333,.,8.297,.,3.119,1.402,1.478
2018-03-01,.,5.367,.,8.339,.,3.142,1.394,1.502
2018-04-01,.,5.523,.,8.551,.,3.238,1.450,1.511
2018-05-01,.,5.426,.,8.247,.,3.076,1.447,1.523
2018-06-01,.,5.360,.,8.509,.,3.094,1.427,1.514
2018-07-01,.,5.360,.,8.552,.,3.116,1.431,1.519
2018-08-01,.,5.381,.,8.561,.,2.939,1.439,1.511
2018-09-01,.,5.404,.,8.544,.,2.896,1.426,1.487
2018-10-01,.,5.252,.,8.331,.,3.047,1.460,1.444
2018-11-01,.,5.245,.,8.375,.,3.052,1.385,1.501
2018-12-01,.,5.262,.,8.311,.,3.112,1.404,1.466
2019-01-01,.,5.253,.,8.348,.,3.063,1.381,1.473
2019-02-01,.,5.208,.,8.529,.,3.062,1.417,1.486
2019-03-01,.,5.186,.,8.575,.,3.048,1.392,1.468
2019-04-01,.,5.288,.,8.706,.,3.014,1.435,1.463
2019-05-01,.,5.486,.,8.662,.,3.092,1.442,1.479
2019-06-01,.,5.428,.,8.133,.,3.051,1.415,1.590
2019-07-01,.,5.462,.,8.284,.,2.975,1.412,1.562
2019-08-01,.,5.444,.,8.134,.,2.960,1.414,1.514
2019-09-01,.,5.351,.,8.083,.,2.930,1.425,1.487
2019-10-01,.,5.463,.,8.225,.,2.948,1.429,1.538
2019-11-01,.,5.475,.,8.318,.,2.940,1.488,1.430
2019-12-01,.,5.518,.,8.481,.,3.113,1.505,1.450
2020-01-01,.,5.630,.,8.441,.,3.059,1.451,1.409
2020-02-01,.,5.521,.,8.333,.,3.013,1.479,1.362
2020-03-01,.,5.635,.,8.265,.,2.956,1.538,1.400
2020-04-01,.,5.708,.,8.600,.,3.158,1.598,1.571
2020-05-01,.,6.101,.,9.480,.,3.348,1.581,.
2020-06-01,.,6.314,.,10.423,.,3.349,1.602,1.747
2020-07-01,.,6.052,.,9.413,.,3.221,1.579,1.712
2020-08-01,.,5.760,.,8.875,.,3.276,1.568,1.609
2020-09-01,.,5.730,.,8.795,.,3.302,1.557,1.542
2020-10-01,.,5.758,.,8.931,.,3.290,1.551,1.580
2020-11-01,.,5.672,.,8.876,.,3.412,1.550,1.639
2020-12-01,.,5.715,.,8.980,.,3.293,1.543,1.621
2021-01-01,.,5.705,.,9.148,.,3.260,1.600,1.595
2021-02-01,.,5.611,.,9.079,.,3.239,1.553,1.583
2021-03-01,.,5.780,.,9.134,.,3.291,1.569,1.543
2021-04-01,.,5.973,.,9.344,.,3.406,1.579,1.515
2021-05-01,.,5.952,.,9.892,.,3.371,1.593,1.486
2021-06-01,.,6.016,.,10.780,.,3.353,1.611,1.474
2021-07-01,.,6.081,.,10.538,.,3.500,1.615,1.435
2021-08-01,.,6.179,.,10.599,.,3.536,1.706,1.472
2021-09-01,.,6.146,.,11.010,.,3.517,1.723,1.504
2021-10-01,.,6.371,.,11.654,.,3.589,1.709,1.523
2021-11-01,.,6.270,.,11.508,.,3.618,1.733,1.583
2021-12-01,.,6.315,.,11.055,.,3.725,1.729,1.606
2022-01-01,.,6.519,.,10.826,.,3.726,1.731,1.622
2022-02-01,.,6.465,.,10.584,.,3.815,1.797,1.632
2022-03-01,.,6.476,.,10.658,.,3.870,1.834,1.724
2022-04-01,.,6.479,.,10.656,.,4.096,1.886,1.794
2022-05-01,.,6.546,.,10.447,.,4.310,1.861,1.824
2022-06-01,.,6.492,.,10.721,.,4.568,1.882,1.826
2022-07-01,.,6.580,.,10.570,.,4.608,1.835,1.880
2022-08-01,.,6.512,.,10.312,.,4.706,1.993,1.879
2022-09-01,.,6.624,.,10.543,.,4.746,1.975,1.891
2022-10-01,.,6.680,.,10.496,.,4.670,2.013,1.863
2022-11-01,.,6.227,.,10.268,.,4.420,2.024,1.843
2022-12-01,.,6.386,.,10.169,.,4.348,1.945,1.830
2023-01-01,.,6.393,.,10.313,.,4.315,1.869,1.855
2023-02-01,.,6.427,.,10.286,.,4.365,1.843,1.894
2023-03-01,.,6.354,.,10.284,.,4.324,1.858,1.868
2023-04-01,.,6.579,.,10.607,.,4.405,1.935,1.873
2023-05-01,.,6.697,.,10.753,.,4.236,1.919,1.920
2023-06-01,.,6.681,.,11.164,.,4.193,1.998,1.953
2023-07-01,.,6.851,.,11.507,.,4.141,2.025,1.891
2023-08-01,.,6.947,.,11.432,.,4.179,2.031,1.958
2023-09-01,.,6.884,.,11.626,.,4.229,1.899,1.901
2023-10-01,.,6.991,.,11.697,.,4.222,1.917,1.926
2023-11-01,.,6.731,.,11.533,.,4.060,1.851,1.976
2023-12-01,.,6.674,.,11.691,.,4.082,1.856,1.955
2024-01-01,.,6.778,.,11.637,.,4.086,1.825,1.987
2024-02-01,.,6.651,.,11.716,.,4.105,1.752,1.951
